DO $$
DECLARE
  v_user_id TEXT;
BEGIN
  SELECT user_id
  INTO v_user_id
  FROM users
  WHERE email = 'cape@anjing.com'
  LIMIT 1;

  IF v_user_id IS NULL THEN
    RAISE EXCEPTION 'user cape@anjing.com not found';
  END IF;

  INSERT INTO requirement_catalog (req_catalog_id, key, label, kategori, deskripsi)
  VALUES
    ('55555555-5555-5555-5555-555555555555', 'kk', 'Kartu Keluarga', 'DOCUMENT', 'Dokumen KK'),
    ('66666666-6666-6666-6666-666666666666', 'passport', 'Passport', 'DOCUMENT', 'Dokumen paspor'),
    ('77777777-7777-7777-7777-777777777777', 'motivation_letter', 'Motivation Letter', 'DOCUMENT', 'Surat motivasi'),
    ('88888888-8888-8888-8888-888888888888', 'bank_statement', 'Bank Statement', 'DOCUMENT', 'Rekening koran / bank statement')
  ON CONFLICT (req_catalog_id) DO UPDATE
  SET
    key = EXCLUDED.key,
    label = EXCLUDED.label,
    kategori = EXCLUDED.kategori,
    deskripsi = EXCLUDED.deskripsi;

  INSERT INTO funding_options (
    funding_id,
    nama_beasiswa,
    deskripsi,
    provider,
    tipe_pembiayaan,
    website
  )
  VALUES
    (
      '61000000-0000-0000-0000-000000000001',
      'Atlas Scholarship',
      'Dummy scholarship A for Dream Tracker.',
      'Atlas Foundation',
      'SCHOLARSHIP',
      'https://atlas.example.test'
    ),
    (
      '61000000-0000-0000-0000-000000000002',
      'Lantern Fellowship',
      'Dummy scholarship B for Dream Tracker.',
      'Lantern Collective',
      'SCHOLARSHIP',
      'https://lantern.example.test'
    )
  ON CONFLICT (funding_id) DO UPDATE
  SET
    nama_beasiswa = EXCLUDED.nama_beasiswa,
    deskripsi = EXCLUDED.deskripsi,
    provider = EXCLUDED.provider,
    tipe_pembiayaan = EXCLUDED.tipe_pembiayaan,
    website = EXCLUDED.website;

  INSERT INTO admission_paths (
    admission_id,
    program_id,
    nama,
    intake,
    deadline,
    requires_supervisor,
    website_url
  )
  VALUES
    (
      '60000000-0000-0000-0000-000000000001',
      'program-canvas-systems',
      'North Canvas Intake 2027',
      'Fall 2027',
      TIMESTAMPTZ '2026-06-15T00:00:00Z',
      FALSE,
      'https://north-canvas.example.test/apply'
    ),
    (
      '60000000-0000-0000-0000-000000000002',
      'program-harbor-policy',
      'South Harbor Intake 2027',
      'Fall 2027',
      TIMESTAMPTZ '2026-07-01T00:00:00Z',
      FALSE,
      'https://south-harbor.example.test/apply'
    ),
    (
      '60000000-0000-0000-0000-000000000003',
      'program-canvas-design',
      'North Canvas Research 2028',
      'Spring 2028',
      TIMESTAMPTZ '2026-08-10T00:00:00Z',
      FALSE,
      'https://north-canvas.example.test/research'
    ),
    (
      '60000000-0000-0000-0000-000000000004',
      'program-harbor-analytics',
      'South Harbor Analytics 2028',
      'Spring 2028',
      TIMESTAMPTZ '2026-09-01T00:00:00Z',
      FALSE,
      'https://south-harbor.example.test/analytics'
    )
  ON CONFLICT (admission_id) DO UPDATE
  SET
    program_id = EXCLUDED.program_id,
    nama = EXCLUDED.nama,
    intake = EXCLUDED.intake,
    deadline = EXCLUDED.deadline,
    requires_supervisor = EXCLUDED.requires_supervisor,
    website_url = EXCLUDED.website_url;

  DELETE FROM admission_funding
  WHERE admission_funding_id IN (
    '62000000-0000-0000-0000-000000000001',
    '62000000-0000-0000-0000-000000000002',
    '62000000-0000-0000-0000-000000000003',
    '62000000-0000-0000-0000-000000000004'
  );

  INSERT INTO admission_funding (admission_funding_id, admission_id, funding_id, linkage_type)
  VALUES
    ('62000000-0000-0000-0000-000000000001', '60000000-0000-0000-0000-000000000001', '61000000-0000-0000-0000-000000000001', 'PRIMARY'),
    ('62000000-0000-0000-0000-000000000002', '60000000-0000-0000-0000-000000000002', '61000000-0000-0000-0000-000000000001', 'PRIMARY'),
    ('62000000-0000-0000-0000-000000000003', '60000000-0000-0000-0000-000000000003', '61000000-0000-0000-0000-000000000002', 'PRIMARY'),
    ('62000000-0000-0000-0000-000000000004', '60000000-0000-0000-0000-000000000004', '61000000-0000-0000-0000-000000000002', 'PRIMARY');

  DELETE FROM funding_requirements
  WHERE funding_id IN (
    '61000000-0000-0000-0000-000000000001',
    '61000000-0000-0000-0000-000000000002'
  );

  INSERT INTO funding_requirements (
    funding_req_id,
    funding_id,
    req_catalog_id,
    is_required,
    sort_order
  )
  VALUES
    ('63100000-0000-0000-0000-000000000001', '61000000-0000-0000-0000-000000000001', '11111111-1111-1111-1111-111111111111', TRUE, 1),
    ('63100000-0000-0000-0000-000000000002', '61000000-0000-0000-0000-000000000001', '55555555-5555-5555-5555-555555555555', TRUE, 2),
    ('63100000-0000-0000-0000-000000000003', '61000000-0000-0000-0000-000000000001', '66666666-6666-6666-6666-666666666666', TRUE, 3),
    ('63100000-0000-0000-0000-000000000004', '61000000-0000-0000-0000-000000000001', '22222222-2222-2222-2222-222222222222', TRUE, 4),
    ('63100000-0000-0000-0000-000000000005', '61000000-0000-0000-0000-000000000001', '33333333-3333-3333-3333-333333333333', TRUE, 5),
    ('63100000-0000-0000-0000-000000000006', '61000000-0000-0000-0000-000000000001', '44444444-4444-4444-4444-444444444444', TRUE, 6),
    ('63100000-0000-0000-0000-000000000007', '61000000-0000-0000-0000-000000000001', '77777777-7777-7777-7777-777777777777', TRUE, 7),
    ('63100000-0000-0000-0000-000000000008', '61000000-0000-0000-0000-000000000001', '88888888-8888-8888-8888-888888888888', TRUE, 8),
    ('63100000-0000-0000-0000-000000000009', '61000000-0000-0000-0000-000000000002', '11111111-1111-1111-1111-111111111111', TRUE, 1),
    ('63100000-0000-0000-0000-000000000010', '61000000-0000-0000-0000-000000000002', '55555555-5555-5555-5555-555555555555', TRUE, 2),
    ('63100000-0000-0000-0000-000000000011', '61000000-0000-0000-0000-000000000002', '66666666-6666-6666-6666-666666666666', TRUE, 3),
    ('63100000-0000-0000-0000-000000000012', '61000000-0000-0000-0000-000000000002', '22222222-2222-2222-2222-222222222222', TRUE, 4),
    ('63100000-0000-0000-0000-000000000013', '61000000-0000-0000-0000-000000000002', '33333333-3333-3333-3333-333333333333', TRUE, 5),
    ('63100000-0000-0000-0000-000000000014', '61000000-0000-0000-0000-000000000002', '44444444-4444-4444-4444-444444444444', TRUE, 6),
    ('63100000-0000-0000-0000-000000000015', '61000000-0000-0000-0000-000000000002', '77777777-7777-7777-7777-777777777777', TRUE, 7),
    ('63100000-0000-0000-0000-000000000016', '61000000-0000-0000-0000-000000000002', '88888888-8888-8888-8888-888888888888', TRUE, 8);

  DELETE FROM dream_key_milestones
  WHERE dream_tracker_id IN (
    '70000000-0000-0000-0000-000000000001',
    '70000000-0000-0000-0000-000000000002',
    '70000000-0000-0000-0000-000000000003',
    '70000000-0000-0000-0000-000000000004'
  );

  DELETE FROM dream_requirement_status
  WHERE dream_tracker_id IN (
    '70000000-0000-0000-0000-000000000001',
    '70000000-0000-0000-0000-000000000002',
    '70000000-0000-0000-0000-000000000003',
    '70000000-0000-0000-0000-000000000004'
  );

  DELETE FROM dream_tracker
  WHERE dream_tracker_id IN (
    '70000000-0000-0000-0000-000000000001',
    '70000000-0000-0000-0000-000000000002',
    '70000000-0000-0000-0000-000000000003',
    '70000000-0000-0000-0000-000000000004'
  );

  DELETE FROM recommendation_results
  WHERE rec_result_id IN (
    '82000000-0000-0000-0000-000000000001',
    '82000000-0000-0000-0000-000000000002',
    '82000000-0000-0000-0000-000000000003',
    '82000000-0000-0000-0000-000000000004'
  );

  DELETE FROM recommendation_result_sets
  WHERE result_set_id = '81000000-0000-0000-0000-000000000001';

  DELETE FROM recommendation_submissions
  WHERE rec_submission_id = '80000000-0000-0000-0000-000000000001';

  INSERT INTO recommendation_submissions (
    rec_submission_id,
    user_id,
    status,
    created_at,
    submitted_at
  )
  VALUES (
    '80000000-0000-0000-0000-000000000001',
    v_user_id,
    'COMPLETED',
    TIMESTAMPTZ '2026-04-08T08:00:00Z',
    TIMESTAMPTZ '2026-04-08T08:05:00Z'
  );

  INSERT INTO recommendation_result_sets (
    result_set_id,
    rec_submission_id,
    version_no,
    generated_at,
    created_at,
    submission_id
  )
  VALUES (
    '81000000-0000-0000-0000-000000000001',
    '80000000-0000-0000-0000-000000000001',
    1,
    TIMESTAMPTZ '2026-04-08T08:10:00Z',
    TIMESTAMPTZ '2026-04-08T08:10:00Z',
    'globalmatch-seed-cape-v2'
  );

  INSERT INTO recommendation_results (
    rec_result_id,
    result_set_id,
    program_id,
    rank_no,
    score,
    university_name,
    program_name,
    country,
    fit_score,
    fit_level,
    overview,
    why_this_university,
    why_this_program,
    reason_summary,
    pros_json,
    cons_json,
    created_at
  )
  VALUES
    (
      '82000000-0000-0000-0000-000000000001',
      '81000000-0000-0000-0000-000000000001',
      'program-canvas-systems',
      1,
      91,
      'University of North Canvas',
      'MSc Systems Storytelling',
      'Testland',
      91,
      'HIGH',
      'Strong systems program with broad dummy requirements.',
      'Clear structure for seeded Dream Tracker validation.',
      'Good for testing many required documents.',
      'Works well as a primary seeded option.',
      '["Clear requirement list","Well-balanced deadlines"]'::jsonb,
      '["Dummy institution"]'::jsonb,
      TIMESTAMPTZ '2026-04-08T08:10:00Z'
    ),
    (
      '82000000-0000-0000-0000-000000000002',
      '81000000-0000-0000-0000-000000000001',
      'program-harbor-policy',
      2,
      88,
      'Institute of South Harbor',
      'MA Policy Cartography',
      'Mock Republic',
      88,
      'HIGH',
      'A policy-oriented dummy program with layered requirements.',
      'Useful for alternate university grouping.',
      'Lets Dream Tracker show multiple cards per funding.',
      'Good secondary seeded option.',
      '["Second university bucket","Good sidebar variety"]'::jsonb,
      '["Also fictional"]'::jsonb,
      TIMESTAMPTZ '2026-04-08T08:10:00Z'
    ),
    (
      '82000000-0000-0000-0000-000000000003',
      '81000000-0000-0000-0000-000000000001',
      'program-canvas-design',
      3,
      85,
      'University of North Canvas',
      'MDes Applied Interface Futures',
      'Testland',
      85,
      'HIGH',
      'Design-oriented seeded program with same university, different funding.',
      'Good for testing repeated university grouping.',
      'Useful for richer left navigation.',
      'Helps validate grouped response shape.',
      '["Same university second card","Different funding"]'::jsonb,
      '["Still dummy"]'::jsonb,
      TIMESTAMPTZ '2026-04-08T08:10:00Z'
    ),
    (
      '82000000-0000-0000-0000-000000000004',
      '81000000-0000-0000-0000-000000000001',
      'program-harbor-analytics',
      4,
      82,
      'Institute of South Harbor',
      'MSc Narrative Analytics',
      'Mock Republic',
      82,
      'MEDIUM',
      'Analytics track with many uploaded and pending docs.',
      'Useful to test completed and in-progress states.',
      'Creates second university second card.',
      'Rounds out the 2x2 seeded matrix.',
      '["Second funding second university","Rich tracker detail"]'::jsonb,
      '["Synthetic data"]'::jsonb,
      TIMESTAMPTZ '2026-04-08T08:10:00Z'
    );

  INSERT INTO dream_tracker (
    dream_tracker_id,
    user_id,
    program_id,
    admission_id,
    funding_id,
    title,
    status,
    created_at,
    updated_at,
    source_type,
    req_submission_id,
    source_rec_result_id
  )
  VALUES
    ('70000000-0000-0000-0000-000000000001', v_user_id, 'program-canvas-systems', '60000000-0000-0000-0000-000000000001', '61000000-0000-0000-0000-000000000001', 'University of North Canvas', 'ACTIVE', TIMESTAMPTZ '2026-04-08T08:20:00Z', TIMESTAMPTZ '2026-04-08T08:20:00Z', 'RECOMMENDATION', '80000000-0000-0000-0000-000000000001', '82000000-0000-0000-0000-000000000001'),
    ('70000000-0000-0000-0000-000000000002', v_user_id, 'program-harbor-policy', '60000000-0000-0000-0000-000000000002', '61000000-0000-0000-0000-000000000001', 'Institute of South Harbor', 'ACTIVE', TIMESTAMPTZ '2026-04-08T08:21:00Z', TIMESTAMPTZ '2026-04-08T08:21:00Z', 'RECOMMENDATION', '80000000-0000-0000-0000-000000000001', '82000000-0000-0000-0000-000000000002'),
    ('70000000-0000-0000-0000-000000000003', v_user_id, 'program-canvas-design', '60000000-0000-0000-0000-000000000003', '61000000-0000-0000-0000-000000000002', 'University of North Canvas', 'COMPLETED', TIMESTAMPTZ '2026-04-08T08:22:00Z', TIMESTAMPTZ '2026-04-08T08:22:00Z', 'RECOMMENDATION', '80000000-0000-0000-0000-000000000001', '82000000-0000-0000-0000-000000000003'),
    ('70000000-0000-0000-0000-000000000004', v_user_id, 'program-harbor-analytics', '60000000-0000-0000-0000-000000000004', '61000000-0000-0000-0000-000000000002', 'Institute of South Harbor', 'ACTIVE', TIMESTAMPTZ '2026-04-08T08:23:00Z', TIMESTAMPTZ '2026-04-08T08:23:00Z', 'RECOMMENDATION', '80000000-0000-0000-0000-000000000001', '82000000-0000-0000-0000-000000000004');

  INSERT INTO dream_requirement_status (
    dream_req_status_id,
    dream_tracker_id,
    document_id,
    req_catalog_id,
    status,
    notes,
    ai_status,
    ai_messages,
    created_at
  )
  VALUES
    ('71000000-0000-0000-0000-000000000001', '70000000-0000-0000-0000-000000000001', '90000000-0000-0000-0000-000000000002', '11111111-1111-1111-1111-111111111111', 'VERIFIED', 'KTP sudah terunggah.', 'COMPLETED', '["KTP valid."]', TIMESTAMPTZ '2026-04-08T08:24:00Z'),
    ('71000000-0000-0000-0000-000000000002', '70000000-0000-0000-0000-000000000001', NULL, '55555555-5555-5555-5555-555555555555', 'NOT_UPLOADED', NULL, NULL, NULL, TIMESTAMPTZ '2026-04-08T08:24:10Z'),
    ('71000000-0000-0000-0000-000000000003', '70000000-0000-0000-0000-000000000001', NULL, '66666666-6666-6666-6666-666666666666', 'NOT_UPLOADED', NULL, NULL, NULL, TIMESTAMPTZ '2026-04-08T08:24:20Z'),
    ('71000000-0000-0000-0000-000000000004', '70000000-0000-0000-0000-000000000001', '90000000-0000-0000-0000-000000000001', '22222222-2222-2222-2222-222222222222', 'VERIFIED', 'Transcript lengkap.', 'COMPLETED', '["Transcript valid."]', TIMESTAMPTZ '2026-04-08T08:24:30Z'),
    ('71000000-0000-0000-0000-000000000005', '70000000-0000-0000-0000-000000000001', NULL, '33333333-3333-3333-3333-333333333333', 'NOT_UPLOADED', NULL, NULL, NULL, TIMESTAMPTZ '2026-04-08T08:24:40Z'),
    ('71000000-0000-0000-0000-000000000006', '70000000-0000-0000-0000-000000000001', NULL, '44444444-4444-4444-4444-444444444444', 'NOT_UPLOADED', NULL, NULL, NULL, TIMESTAMPTZ '2026-04-08T08:24:50Z'),
    ('71000000-0000-0000-0000-000000000007', '70000000-0000-0000-0000-000000000001', NULL, '77777777-7777-7777-7777-777777777777', 'NOT_UPLOADED', NULL, NULL, NULL, TIMESTAMPTZ '2026-04-08T08:25:00Z'),
    ('71000000-0000-0000-0000-000000000008', '70000000-0000-0000-0000-000000000001', NULL, '88888888-8888-8888-8888-888888888888', 'NOT_UPLOADED', NULL, NULL, NULL, TIMESTAMPTZ '2026-04-08T08:25:10Z'),

    ('71000000-0000-0000-0000-000000000009', '70000000-0000-0000-0000-000000000002', NULL, '11111111-1111-1111-1111-111111111111', 'NOT_UPLOADED', NULL, NULL, NULL, TIMESTAMPTZ '2026-04-08T08:25:20Z'),
    ('71000000-0000-0000-0000-000000000010', '70000000-0000-0000-0000-000000000002', NULL, '55555555-5555-5555-5555-555555555555', 'NOT_UPLOADED', NULL, NULL, NULL, TIMESTAMPTZ '2026-04-08T08:25:30Z'),
    ('71000000-0000-0000-0000-000000000011', '70000000-0000-0000-0000-000000000002', NULL, '66666666-6666-6666-6666-666666666666', 'NOT_UPLOADED', NULL, NULL, NULL, TIMESTAMPTZ '2026-04-08T08:25:40Z'),
    ('71000000-0000-0000-0000-000000000012', '70000000-0000-0000-0000-000000000002', NULL, '22222222-2222-2222-2222-222222222222', 'NOT_UPLOADED', NULL, NULL, NULL, TIMESTAMPTZ '2026-04-08T08:25:50Z'),
    ('71000000-0000-0000-0000-000000000013', '70000000-0000-0000-0000-000000000002', NULL, '33333333-3333-3333-3333-333333333333', 'NOT_UPLOADED', NULL, NULL, NULL, TIMESTAMPTZ '2026-04-08T08:26:00Z'),
    ('71000000-0000-0000-0000-000000000014', '70000000-0000-0000-0000-000000000002', NULL, '44444444-4444-4444-4444-444444444444', 'NOT_UPLOADED', NULL, NULL, NULL, TIMESTAMPTZ '2026-04-08T08:26:10Z'),
    ('71000000-0000-0000-0000-000000000015', '70000000-0000-0000-0000-000000000002', NULL, '77777777-7777-7777-7777-777777777777', 'NOT_UPLOADED', NULL, NULL, NULL, TIMESTAMPTZ '2026-04-08T08:26:20Z'),
    ('71000000-0000-0000-0000-000000000016', '70000000-0000-0000-0000-000000000002', NULL, '88888888-8888-8888-8888-888888888888', 'NOT_UPLOADED', NULL, NULL, NULL, TIMESTAMPTZ '2026-04-08T08:26:30Z'),

    ('71000000-0000-0000-0000-000000000017', '70000000-0000-0000-0000-000000000003', '90000000-0000-0000-0000-000000000002', '11111111-1111-1111-1111-111111111111', 'UPLOADED', 'KTP terunggah.', 'PENDING', '["Menunggu review."]', TIMESTAMPTZ '2026-04-08T08:26:40Z'),
    ('71000000-0000-0000-0000-000000000018', '70000000-0000-0000-0000-000000000003', '90000000-0000-0000-0000-000000000001', '55555555-5555-5555-5555-555555555555', 'VERIFIED', 'KK dummy lengkap.', 'COMPLETED', '["KK valid."]', TIMESTAMPTZ '2026-04-08T08:26:50Z'),
    ('71000000-0000-0000-0000-000000000019', '70000000-0000-0000-0000-000000000003', '90000000-0000-0000-0000-000000000003', '66666666-6666-6666-6666-666666666666', 'VERIFIED', 'Passport dummy lengkap.', 'COMPLETED', '["Passport valid."]', TIMESTAMPTZ '2026-04-08T08:27:00Z'),
    ('71000000-0000-0000-0000-000000000020', '70000000-0000-0000-0000-000000000003', '90000000-0000-0000-0000-000000000001', '22222222-2222-2222-2222-222222222222', 'VERIFIED', 'Transcript lengkap.', 'COMPLETED', '["Transcript valid."]', TIMESTAMPTZ '2026-04-08T08:27:10Z'),
    ('71000000-0000-0000-0000-000000000021', '70000000-0000-0000-0000-000000000003', '90000000-0000-0000-0000-000000000004', '33333333-3333-3333-3333-333333333333', 'VERIFIED', 'Ijazah lengkap.', 'COMPLETED', '["Ijazah valid."]', TIMESTAMPTZ '2026-04-08T08:27:20Z'),
    ('71000000-0000-0000-0000-000000000022', '70000000-0000-0000-0000-000000000003', NULL, '44444444-4444-4444-4444-444444444444', 'NOT_UPLOADED', NULL, NULL, NULL, TIMESTAMPTZ '2026-04-08T08:27:30Z'),
    ('71000000-0000-0000-0000-000000000023', '70000000-0000-0000-0000-000000000003', NULL, '77777777-7777-7777-7777-777777777777', 'NOT_UPLOADED', NULL, NULL, NULL, TIMESTAMPTZ '2026-04-08T08:27:40Z'),
    ('71000000-0000-0000-0000-000000000024', '70000000-0000-0000-0000-000000000003', NULL, '88888888-8888-8888-8888-888888888888', 'NOT_UPLOADED', NULL, NULL, NULL, TIMESTAMPTZ '2026-04-08T08:27:50Z'),

    ('71000000-0000-0000-0000-000000000025', '70000000-0000-0000-0000-000000000004', NULL, '11111111-1111-1111-1111-111111111111', 'NOT_UPLOADED', NULL, NULL, NULL, TIMESTAMPTZ '2026-04-08T08:28:00Z'),
    ('71000000-0000-0000-0000-000000000026', '70000000-0000-0000-0000-000000000004', NULL, '55555555-5555-5555-5555-555555555555', 'NOT_UPLOADED', NULL, NULL, NULL, TIMESTAMPTZ '2026-04-08T08:28:10Z'),
    ('71000000-0000-0000-0000-000000000027', '70000000-0000-0000-0000-000000000004', NULL, '66666666-6666-6666-6666-666666666666', 'NOT_UPLOADED', NULL, NULL, NULL, TIMESTAMPTZ '2026-04-08T08:28:20Z'),
    ('71000000-0000-0000-0000-000000000028', '70000000-0000-0000-0000-000000000004', NULL, '22222222-2222-2222-2222-222222222222', 'NOT_UPLOADED', NULL, NULL, NULL, TIMESTAMPTZ '2026-04-08T08:28:30Z'),
    ('71000000-0000-0000-0000-000000000029', '70000000-0000-0000-0000-000000000004', NULL, '33333333-3333-3333-3333-333333333333', 'NOT_UPLOADED', NULL, NULL, NULL, TIMESTAMPTZ '2026-04-08T08:28:40Z'),
    ('71000000-0000-0000-0000-000000000030', '70000000-0000-0000-0000-000000000004', NULL, '44444444-4444-4444-4444-444444444444', 'NOT_UPLOADED', NULL, NULL, NULL, TIMESTAMPTZ '2026-04-08T08:28:50Z'),
    ('71000000-0000-0000-0000-000000000031', '70000000-0000-0000-0000-000000000004', NULL, '77777777-7777-7777-7777-777777777777', 'NOT_UPLOADED', NULL, NULL, NULL, TIMESTAMPTZ '2026-04-08T08:29:00Z'),
    ('71000000-0000-0000-0000-000000000032', '70000000-0000-0000-0000-000000000004', NULL, '88888888-8888-8888-8888-888888888888', 'NOT_UPLOADED', NULL, NULL, NULL, TIMESTAMPTZ '2026-04-08T08:29:10Z');

  INSERT INTO dream_key_milestones (
    dream_milestone_id,
    dream_tracker_id,
    title,
    description,
    deadline_date,
    is_required,
    status,
    created_at,
    updated_at
  )
  VALUES
    ('72000000-0000-0000-0000-000000000001', '70000000-0000-0000-0000-000000000001', 'Complete Core Documents', 'Upload identitas dan transcript utama.', TIMESTAMPTZ '2026-05-01T00:00:00Z', TRUE, 'NOT_STARTED', TIMESTAMPTZ '2026-04-08T08:30:00Z', TIMESTAMPTZ '2026-04-08T08:30:00Z'),
    ('72000000-0000-0000-0000-000000000002', '70000000-0000-0000-0000-000000000002', 'Prepare Funding Packet', 'Lengkapi dokumen beasiswa Atlas.', TIMESTAMPTZ '2026-05-15T00:00:00Z', TRUE, 'NOT_STARTED', TIMESTAMPTZ '2026-04-08T08:30:10Z', TIMESTAMPTZ '2026-04-08T08:30:10Z'),
    ('72000000-0000-0000-0000-000000000003', '70000000-0000-0000-0000-000000000003', 'Submit Final Bundle', 'Tracker completed-style untuk demo.', TIMESTAMPTZ '2026-04-20T00:00:00Z', TRUE, 'DONE', TIMESTAMPTZ '2026-04-08T08:30:20Z', TIMESTAMPTZ '2026-04-08T08:30:20Z'),
    ('72000000-0000-0000-0000-000000000004', '70000000-0000-0000-0000-000000000004', 'Collect Remaining Evidence', 'Masih banyak dokumen pending.', TIMESTAMPTZ '2026-06-01T00:00:00Z', TRUE, 'NOT_STARTED', TIMESTAMPTZ '2026-04-08T08:30:30Z', TIMESTAMPTZ '2026-04-08T08:30:30Z');
END $$;
